1,버스,6078
2,축제,6036
3,문화,5831
4,공연,5337
5,킹,5257
6,행사,3491
7,기자,3221
8,서울,2858
9,오후,2783
10,가,2666
11,이번,2562
12,거리,2535
13,일부,2290
14,프로그램,2162
15,지역,2068
16,시민,1887
17,음악,1715
18,예술,1688
19,페스티벌,1676
20,경제,1629
21,올해,1492
22,시장,1478
23,이날,1466
24,공원,1436
25,등,1414
26,광장,1358
27,나,1338
28,부산,1296
29,스타,1284
30,JTBC,1237
31,가수,1231
32,무대,1208
33,체험,1207
34,주제,1198
35,그룹,1176
36,전국,1150
37,대표,1135
38,은,1108
39,일원,1096
40,사업,1051
41,밤,992
42,이,983
43,사진,974
44,관광,970
45,앞,969
46,아시아,968
47,청년,955
48,달,916
49,도시,904
50,팀,901
51,앨범,896
52,열린,892
53,세계,887
54,일대,883
55,사람,859
56,관광객,852
57,여행,836
58,곡,812
59,대구,801
60,밴드,790
61,원,780
62,가족,765
63,광주,764
64,로,758
65,이벤트,756
66,벚꽃,753
67,영화,747
68,시,717
69,도심,714
70,주민,702
71,지난해,701
72,최근,700
73,대회,698
74,콘서트,692
75,속,691
76,모습,685
77,공간,680
78,국내,680
79,일,680
80,장,676
81,어게인,667
82,길,663
83,김,663
84,전통,662
85,멤버,661
86,한국,653
87,재단,652
88,주말,641
89,곳,633
90,예능,633
91,여름,631
92,홍대,625
93,대전,623
94,KBS,608
95,가운데,608
96,시간,602
97,데뷔,594
98,동안,594
99,예정,592
100,활성,592
101,방송,583
102,팬,582
103,MBN,570
104,뮤지션,570
105,오전,568
106,봄,563
107,시작,563
108,뮤직,560
109,활동,559
110,저,556
111,사랑,547
112,청소년,545
113,마당,537
114,유희,530
115,국제,529
116,마켓,529
117,해수욕장,528
118,뉴스,525
119,다음,512
120,위원회,508
121,헤럴드,508
122,울산,502
123,기간,495
124,중구,488
125,그,482
126,영상,482
127,마지막,477
128,단체,467
129,자신,467
130,사회,463
131,과,462
132,대한민국,459
133,빛,458
134,토요일,458
135,유,457
136,센터,454
137,꽃,438
138,최대,438
139,경기도,435
140,경기,432
